73D0EF96,Kurtis Wood,68,NOR,0.36
A205E5BA,Naomi Young,74,NLD,0.18
4C5D4230,Jason Price,71,FIN,0.73
49B6206F,Isla Foster,75,NOR,0.60
7E29220D,Taylor Lewis,76,DEU,0.36
F3AB7DFE,Eloise Stewart,25,NOR,0.85
1EBED99D,Kate Thomas,42,GBR,0.48
A21545EC,Bella Nguyen,25,GBR,0.52
BA2F2BD8,Talia Torres,26,FIN,0.94
4CC5CD57,Owen Morgan,43,DEU,0.40
B9DD0D42,Spencer Taylor,69,FRA,0.18
BD83CD4F,Frances Ross,66,DEU,0.38
233AD3C3,Vivian Myers,39,FIN,0.02
29CB895F,Elias Turner,52,SWE,0.17
8B6D5B1C,Francis Perez,54,DNK,0.32
2C1E2126,Ellis Morris,57,GBR,0.50
E79D477C,Aimee Anderson,44,DEU,0.78
4CB8690E,Wendell Cooper,57,DEU,0.03
C71D9D52,Shawn Scott,63,NOR,0.76
C5D81EC2,Quinn Garcia,19,DEU,0.27
17D162CD,Deborah Parker,30,DEU,0.12
AD063498,Wallace Price,48,FIN,0.44
F0D81FF4,Marcus Gonzalez,70,NOR,0.53
82D6CCE3,Lincoln Cox,64,FRA,0.39
F4C265DC,Elizabeth Howard,26,FIN,0.31
AEC71076,Anthony Butler,24,FRA,0.96
ED7B8F4C,Giselle Simmons,24,NOR,0.53
034906B3,Norah Ross,62,DEU,0.70
10DBAFE0,Max Cox,25,FIN,0.67
A20D59E5,Hope Campbell,67,FIN,0.67
17112FAB,Olivia Nelson,74,NLD,0.81
15D7228C,Cliff White,21,NOR,0.43
E90970C6,Jeff Nguyen,20,DNK,0.61
8032C301,Todd Wright,27,FRA,0.93
C3032E64,Gene Campbell,77,NLD,0.65
0345FB4A,Pierce Patterson,72,DNK,0.20
A79E7C8F,Candace Hughes,76,FRA,0.66
FF261A7F,Travis Garcia,62,GBR,0.58
05C1255A,Dennis Watson,38,FIN,0.16
5A93B7B0,Gus Robinson,47,FRA,0.01
B7B1BD5C,Regina Evans,66,DNK,0.01
3603188A,Jessica Green,37,NOR,0.51
B0848FD7,Nadia Bennett,19,FIN,0.44
7DCAF15D,Bob Gonzalez,62,DEU,0.97
D1717E80,Tiffany Ramirez,20,FRA,0.53
E8E067DA,Xander Jenkins,74,FIN,0.46
03C2C45E,Layton Rogers,26,NLD,0.81
DD760D0F,Evan Harris,55,DNK,0.29
334B5DFE,Andrea Taylor,31,DEU,0.80
28614591,Yara Kelly,28,DNK,0.12
AA632151,Jeff Hall,53,SWE,0.92
784DC1AE,Casey Johnson,27,NOR,0.88
92D975B8,Alexandra Kelly,68,NLD,0.07
44019C54,Stephen Nguyen,45,FRA,0.03
120E1EC8,Cliff Davis,21,SWE,0.87
E8FA67CD,Amelia Foster,23,FRA,0.36
5D4F257E,Selena Gray,76,NLD,0.04
C53DE506,Yasmin Thomas,20,NOR,0.70
516C2D88,Nico Powell,46,NOR,0.17
A8DA84BF,Gracie Parker,54,FIN,0.10
D5C6B2AA,Pablo Hall,67,FRA,0.44
DD71344B,Irene Lee,33,FRA,0.55
7E100741,Oscar Gonzalez,49,DEU,0.52
EA8E8D9C,Talia Hall,70,GBR,0.35
EC28476D,William Williams,79,FRA,0.99
B8B6FC41,Terry Gonzalez,57,FIN,0.41
BEF134AE,Bella Thomas,41,FRA,0.29
7A040F80,Keegan Patterson,69,DEU,0.98
3EFA1CB4,Helen Young,33,NLD,0.10
6C6099EA,Quinn Bell,23,SWE,0.14
63C7AB28,Glenda Brown,68,NOR,0.24
35395B5D,Nelson Lewis,30,DNK,0.34
E4647FB5,Frank Russell,38,SWE,0.86
C16880A8,Dominic Martin,59,SWE,0.94
41843716,Sharon Diaz,26,FIN,0.50
3D432F38,Vincent Wright,64,SWE,0.35
3F562F94,Douglas Martinez,25,FIN,0.61
73AC0DED,Eric Gray,57,GBR,0.17
6FF64209,Brad Adams,45,NOR,0.15
CD47CE3B,Francesca Martin,30,NLD,0.61
F8709A5A,Theodore Sanchez,58,FIN,0.67
979F1B09,Hattie Butler,27,GBR,0.47
D53D82FF,Harvey Cox,77,DNK,0.82
95477208,Nicole Fisher,67,DEU,0.10
F3891DEE,Rick Evans,55,SWE,0.68
16FDC5FB,Lee Mitchell,25,FRA,0.38
7A55925C,Philip Myers,50,FIN,0.36
E4AA427F,Larry Garcia,27,DEU,0.98
94CBC8B8,Naomi Cook,56,DEU,0.66
DD401B24,Bradley Fisher,48,NOR,0.75
CEA51039,Orlando Cook,32,SWE,0.05
77667B07,Elsa Perez,53,NLD,0.60
7D17ABAA,Jeremy Turner,30,NOR,0.08
92E364D1,Dorothy Brown,42,SWE,0.84
D108A301,Kian Morris,54,NOR,0.39
6C2082D2,Adam Clark,30,SWE,0.11
61074B87,Sarah Murphy,73,FRA,0.84
4A5F45FF,Theo Ortiz,31,FRA,0.02
F337031D,Scarlett Long,71,FRA,0.88
63CDF66C,Ned Smith,66,NLD,0.47
D6ADFA80,Jeff Myers,72,GBR,0.12
57DACED4,Clayton Bailey,33,NOR,0.34
E1BB8084,Nathaniel Powell,43,NOR,0.10
72B0969C,Adrian Johnson,61,SWE,0.03
5646122D,Victoria Williams,27,FRA,0.80
5E5C7EC8,Nina Rogers,77,SWE,0.78
43A21E79,Brandon Mitchell,20,DNK,0.59
C6B90C32,Jamie Phillips,63,FRA,0.81
E12D0854,Bailey Martinez,47,FIN,0.28
4CCCAD6D,Kyle Taylor,25,DEU,0.49
E601ED68,Paige Sanchez,46,DNK,0.66
753CDFDF,Harold Scott,41,DEU,0.82
3BB26137,Cliff Diaz,28,GBR,0.14
06C9DCDA,Felix Davis,46,DEU,0.03
1A2384A0,Foster Adams,35,FIN,0.83
E41C857B,Felix Thomas,24,NLD,0.95
61C88672,Jerry Butler,29,GBR,0.56
E6C0B978,Cliff Young,37,DEU,0.86
389A1C9A,Natalie Barnes,21,DEU,0.84
8D5C20FF,Willow Robinson,34,NOR,0.42
15EB2E2E,Neil Young,63,NLD,0.51
75F61416,Douglas Ortiz,77,NOR,0.13
24903295,Elise Patterson,54,DNK,0.67
FB063781,Quincy Cox,48,GBR,0.56
3E96DF1E,Maggie Simmons,63,SWE,0.42
7CD9C69B,Norman Perez,48,NLD,0.18
65A5F18B,Natalie Rivera,71,NOR,0.55
7029CE48,Chris Young,46,NOR,0.27
23D348C1,Noah Nelson,75,NOR,0.82
E2DDA6D5,Frances White,72,GBR,0.54
CB533D66,Iris James,25,NLD,0.29
2B1C24F0,Martin Perez,52,DNK,0.26
55B0A116,Dale Fisher,35,DNK,0.45
9E71C4DC,Rosemary Hughes,47,DEU,0.45
9CDBB99F,Helena Reed,57,SWE,0.18
2F5D9663,Ellie Young,50,NOR,0.60
81BC1BBC,Jane Bailey,35,DNK,0.06
4734461B,Madelyn Martin,29,SWE,0.55
B0DB82B5,Hank Long,54,NOR,0.54
FC6AD392,Wesley Bell,55,NLD,0.33
ED0AA89B,Adrian White,27,DEU,0.38
B1197C24,Nova Cook,26,NLD,0.01
16F2BF25,Kathleen Bennett,31,NOR,0.92
3CAC1575,Charles Smith,18,DNK,0.79
2040C624,Danielle Hughes,25,DEU,0.35
D7572910,Paula Walker,71,NOR,0.59
17604983,Timothy Reed,53,GBR,0.42
7FFB4720,Genevieve King,22,FRA,0.59
285B2C55,Grace Adams,22,SWE,0.68
43D22012,Samuel Cox,77,NOR,0.65
D340FB38,Earl Martin,28,NLD,0.48
B3E14885,Andrew Washington,65,NOR,0.30
370A1CA3,Edgar Miller,26,NOR,0.83
503DA532,Dale Edwards,60,SWE,0.12
6B62DE1F,Nicole Gonzalez,31,FRA,0.15
FA29A299,Sharon Perry,80,SWE,0.42
D3C46C87,Catherine Hernandez,34,FIN,0.06
43B06C7F,Brian Watson,67,NOR,0.01
6BC707A5,Yasmin Rivera,32,DNK,0.34
2DB73F27,Elias Walker,49,SWE,0.10
9EC22852,Elias Gray,57,FIN,0.55
D0ED3E3A,Erica Hall,58,DEU,0.88
4F6A7F15,Sarah Sanders,71,FIN,0.04
F610B28B,Prince Diaz,77,SWE,0.46
F3A27F8C,Kaleb Powell,18,FRA,0.40
F2DCBEFB,Michael Morgan,72,SWE,0.38
3B91A414,Elaine Patterson,54,DEU,0.34
9E567201,Angelo Martinez,62,NOR,0.49
5B11155C,Blake Campbell,67,NLD,0.03
B65AFBA9,Nico Clark,36,FRA,0.26
C4952876,Yosef Ward,70,DNK,0.88
D5D71DD7,Madelyn Jones,75,FIN,0.14
D551D89B,Yosef Lopez,46,NOR,0.27
81A09863,Erin Patterson,24,FIN,0.22
693F3F66,Sophia Hernandez,69,DNK,0.89
30B45CC4,Isabella Hughes,34,FIN,0.66
41723F40,Warren Bennett,19,FIN,0.13
85AF2E6C,Aimee Cooper,74,SWE,0.36
93DF58E4,Tiffany Lee,29,NOR,0.06
834ABC22,Ozzy Johnson,29,NLD,0.44
DA8484BA,Manuel Peterson,61,DEU,0.16
3441EDC3,Noelle Ortiz,79,NOR,0.17
B45D2B61,Caitlyn Ross,71,NLD,0.43
43D3DC7F,Tiffany Peterson,39,FIN,0.19
B0C2A585,Wayne Edwards,26,DEU,0.15
25400107,Calvin Baker,18,NLD,0.46
FEA43CB9,Preston Roberts,54,FRA,0.69
EC754FD3,Xavier Ross,66,SWE,0.71
81992E8D,Jesse Gray,78,SWE,0.60
CE7AD658,Jasmine Parker,29,FRA,0.65
E01BF9E0,Paula Reed,55,FRA,0.87
09046F5A,Norris Phillips,37,FRA,0.37
5095BB8B,Daisy Henderson,49,DNK,0.76
C5EC68A0,Kaleb Walker,57,DNK,0.63
BBA3DAB4,Paula Long,77,GBR,0.49
49BD8E69,Jim Taylor,78,FRA,0.37
5517ABFB,Danielle Reed,56,GBR,0.38
298DA14E,Casey Howard,73,FRA,0.43
1DF4337D,Lee Powell,31,DNK,0.66
71C44976,Lauren Perry,76,DNK,0.08
D2EAC102,Otis Henderson,66,NLD,0.89
55A738F8,Aidan Stewart,33,DEU,0.74
4FBBB3D6,Brady Mitchell,46,NLD,0.92
5C26CC8A,Seth Kelly,21,DEU,0.50
F32036FF,Nelson Phillips,55,SWE,0.57
F9F4F4AC,Alan Moore,80,SWE,0.95
C6CAFBAA,Nelson Cox,32,DNK,0.29
4076276F,Alan Bennett,27,DEU,0.90
75878D94,Gloria Richardson,25,NOR,0.13
016CD618,Kathleen Rogers,43,DNK,0.20
B00A0651,Karen Gonzalez,71,DNK,0.50
E572E115,Yvette Reed,78,FRA,0.39
2820B050,Paul Nelson,72,FRA,0.51
880ACE7C,Cindy Phillips,50,FIN,0.78
0DA0174C,Stuart Hill,24,DNK,0.14
EF7A5D4D,Matt Young,18,NOR,0.66
2F82F310,Caleb Rivera,33,NOR,0.59
2938AC85,Darren Flores,39,FIN,0.68
DEB9BB17,Karl Sanchez,35,FRA,0.79
A12E89B5,Iris Peterson,46,NLD,0.34
B74937AE,Timothy Bell,58,NOR,0.19
CB0E3E08,Hazel Peterson,62,FRA,0.71
6949F3DC,Hugh Walker,54,NOR,0.81
BCF41E3C,Leon Edwards,28,DEU,0.98
AF176305,Natalie Perez,26,SWE,0.02
125D1826,Percy Watson,18,NOR,0.38
F4C24143,Dean Perry,70,SWE,0.03
20DD9DD8,Marissa Flores,49,NLD,0.50
069CD0DF,Gene Foster,49,FRA,0.98
2F5039B0,Gary Hill,44,NOR,0.09
B29C6797,Ana Diaz,27,DEU,0.82
C0F241E7,Heidi Davis,75,GBR,0.31
BEBD899C,Jennifer Reed,27,GBR,0.76
29F1E762,Howard Morris,43,GBR,0.14
6053F8A2,Marina Foster,42,FRA,0.20
9CD8BE73,Bella Parker,58,FIN,0.06
7C811A67,Alison Butler,30,SWE,0.40
0CAFA7CF,Abraham Myers,47,FIN,0.39
A6ECF151,Kimberly Peterson,77,DNK,0.65
EA344A6A,Willow Russell,68,GBR,0.17
F01A5268,Isabelle Lee,41,FRA,0.55
E4B1B1F5,Yusuf Torres,32,FIN,0.84
FEBC73E9,Daisy Thompson,41,DNK,0.92
5163743E,Jill Bennett,36,DEU,0.34
4438349B,Shannon Turner,42,SWE,0.25
12F55290,Iris Smith,79,DNK,0.95
6C5C9B92,Jeremiah Foster,66,DEU,0.98
97FFBBDF,Vince Sanchez,64,FIN,0.53
EC3D9475,Henry Nelson,26,NLD,0.76
47B31693,Gracie Scott,21,DNK,0.10
310B3C53,Alexandra Howard,31,FIN,0.83
F0C8DCB3,Rebekah Richardson,69,NLD,0.86
72570ED5,Helen Martin,55,NLD,0.20
81905834,Chloe Sanders,46,FRA,0.68
63DCD3B8,Andre Adams,30,FIN,0.81
3BE326C4,Clayton Rivera,28,NOR,0.76
380DE3E4,Fox Hill,18,FIN,0.92
7A357CFA,Brooke Garcia,37,FRA,0.92
B0622593,Nina Davis,41,NOR,0.28
B250A31E,Sabrina Hernandez,76,FIN,0.38
05BB8912,Ruby Bailey,21,SWE,0.06
637397F7,Andre Green,75,GBR,0.85
167F6B0B,Fred Sanchez,71,FIN,0.20
6316F02B,Cedric Thompson,33,DEU,0.03
EE2D096D,Ava Diaz,36,FRA,0.29
11DCECD0,Amelia Powell,23,DEU,0.90
B80430D7,Manuel Williams,58,FIN,0.46
D10FAC9F,Jean Long,29,FIN,0.99
8A4ECF3A,Wilson Thompson,66,NOR,0.90
F9418B27,Kirk Fisher,74,DNK,0.42
87922986,Harley Rodriguez,53,DNK,0.15
F06FAF29,Katie Long,43,NOR,0.33
91E47B3C,Eliza Turner,77,FRA,0.14
30E933CD,Logan Hughes,30,FIN,0.42
AC918A7C,Fiona Watson,28,SWE,0.66
B651431F,Damien Long,68,NOR,0.05
8EE09380,Matthew Powell,61,NLD,0.46
E188A5D5,Chase Brown,59,NOR,0.93
8B503CF9,Wendy Sanchez,79,DNK,0.34
0B637A5B,Warren Morris,38,GBR,0.63
AC940311,Holly Kelly,37,FRA,0.72
156C50C7,Noah Morgan,63,GBR,0.03
57A122B0,Christina Foster,19,DEU,0.76
E889E250,Victoria Simmons,62,NLD,0.45
6A964F00,Jesse Miller,46,NOR,0.49
E971F1CD,Paige Roberts,69,SWE,0.80
9147AF45,Jim Henderson,48,FRA,0.42
96428FE4,Abel Garcia,21,FRA,0.70
7D7E7AC8,Taylor Russell,43,NOR,0.93
1523D554,Scott Foster,30,NOR,0.23
EB942084,Stuart Hall,21,SWE,0.24
897B9AEF,Xavier Bailey,25,FRA,0.02
32219E63,Charlotte Ortiz,72,FIN,0.66
14ECEC52,Gloria Watson,69,GBR,0.14
5F29939F,Steven Powell,56,NOR,0.23
B1800E57,Cameron Robinson,59,DEU,0.79
FF237270,Samuel Evans,37,FIN,0.49
634DCD27,Daniel Baker,37,SWE,0.08
CE71C193,Yosef Hernandez,64,NOR,0.25
A9BC68A1,Howard Powell,40,DNK,0.52
F776E051,Tim Nguyen,69,FRA,0.30
3FFF6767,Paige Powell,46,FIN,0.27
11E62065,Paula Reed,51,NLD,0.08
1C12046A,Jean Collins,37,FIN,0.69
7BE8A60A,Violet Sanchez,74,DEU,0.57
77BE0A0D,Vince Simmons,36,FIN,0.66
92563EB4,Elsie Hernandez,33,SWE,0.31
193B1D09,Blake Jackson,50,GBR,0.55
26302F4A,Vince Henderson,30,NLD,0.90
95493358,Ben Cox,21,DNK,0.76
E3581F12,Wesley Hughes,73,FRA,0.05
83347600,Bailey Rodriguez,19,GBR,0.61
D02598C4,Whitney Garcia,66,GBR,0.74
24BCB90A,Valentina Rivera,52,DNK,0.18
7F13AAA8,Heidi Reed,31,GBR,0.56
97D6A084,Alison Patterson,73,SWE,0.10
0FC979E8,Malcolm Green,70,NLD,0.05
D1D7353B,Edwin Perez,54,FRA,0.29
5BE57CA0,Helen Butler,38,DEU,0.83
0887396C,Maria Cook,60,SWE,0.19
A38025A2,Rachael Turner,73,GBR,0.37
13C063F3,Brett Nelson,40,FIN,0.28
82C2648F,Nicholas Fisher,33,DEU,0.17
9E8FE4B4,Paloma Robinson,65,NLD,0.15
20FA58D8,Jared Collins,31,FIN,0.63
C8D60124,Xander Clark,58,FIN,0.04
A332FD41,Jennifer Reed,69,SWE,0.85
74314DF8,Hugh Robinson,27,FRA,0.18
5C8A8122,Jacob Anderson,47,FIN,0.88
5E8BF707,Grant Lee,57,NOR,0.26
5BD2BE82,Floyd Wilson,80,NLD,0.03
1EA0D23D,Enrique Bell,80,SWE,0.72
3E42D6AD,Sabrina Green,49,FRA,0.26
D53FB31B,Mae Ward,80,FIN,0.96
FC457642,Jayden Garcia,21,FIN,0.83
E72D7A23,Charlie Gonzalez,79,GBR,0.84
00D89921,Eliana Robinson,37,NLD,0.70
3B6FC2C8,Danielle Harris,20,FRA,0.87
2595899D,Bianca Henderson,22,DNK,0.20
B85A831E,Maggie Peterson,19,GBR,0.88
C0E3DD4E,Raymond Price,43,GBR,0.07
E29FDB1B,Gemma Powell,79,FRA,0.41
42B50230,Max Parker,79,FIN,0.94
93E79A9D,Serena Roberts,30,NOR,0.26
E9888AA1,Francis Watson,27,NOR,0.84
1F092608,Yosef Campbell,73,DNK,0.40
5DA7DFB5,Geoffrey Ramirez,35,DNK,0.79
93E577C3,Elisa Foster,78,NOR,0.06
3C8B37C6,Seth Evans,25,DNK,0.73
2BE2D6E5,Yolanda Jenkins,45,FIN,0.49
822F1F4E,Charlotte Ross,47,NOR,0.81
B438E229,Priscilla Mitchell,51,GBR,0.46
0BB6C4D5,Caitlyn Hill,59,FIN,0.50
30CA4341,Christina Moore,24,FRA,0.53
153A78CD,Lauren Fisher,34,NLD,0.66
7FD26DC6,Theodore Butler,26,FRA,0.99
B34EC4FF,Willow Moore,46,DNK,0.64
45E5C299,Peyton Lee,46,SWE,0.83
AAEF1CC1,Sandra Parker,53,NOR,0.03
A7FB0D5D,Natasha Jackson,34,FIN,0.78
BF240393,Tommy Mitchell,19,NLD,0.87
97F2F586,Edith Peterson,47,GBR,0.87
9BDFC8DF,Abigail Washington,47,NLD,0.37
51B45E73,Howard Bell,18,GBR,0.17
69C0714A,Kyle Phillips,35,DNK,0.63
2E4400EC,Simon Myers,70,DNK,0.46
56881754,Freya Martin,70,NLD,0.25
53D7C19C,Wallace Flores,58,DNK,0.92
432A488E,Elsa Ramirez,23,GBR,0.81
D2E42382,Damien Ortiz,69,GBR,0.22
4614CD4F,Shelby Moore,27,FRA,0.78
6B698324,Hank Brown,27,FRA,0.50
91E856D0,Seth Price,68,NLD,0.94
B2059620,Amanda Turner,40,FIN,0.87
7A6F6CE5,Cindy Cook,57,NOR,0.06
EDDFD7C6,Carlos Campbell,37,FRA,0.85
69D52F7C,Alyssa Long,54,NOR,0.09
8436804D,Peter Bennett,74,NLD,0.63
5DD51F57,Tessa Morris,72,SWE,0.29
FE589099,Katherine Gonzalez,38,SWE,0.80
7F58545E,Daisy Lopez,69,GBR,0.75
C917D953,Jeremiah Hernandez,75,GBR,0.42
641907D9,Hank Rivera,25,GBR,0.49
1AF68DF6,Eric Morris,79,DEU,0.70
23D84CEA,Jennifer Mitchell,51,DEU,0.16
5640321F,Kelvin Wright,42,FIN,0.75
8F215832,Zoey Martin,77,DEU,0.95
BD9336F8,Winston Martinez,39,FIN,0.90
DFA3CF21,Thomas Baker,63,NOR,0.70
CBE9842D,Jeff James,54,FIN,0.75
3179A72C,Adeline Baker,63,DEU,0.73
41334638,Jessica Mitchell,58,GBR,0.56
20B35114,Adrian Bennett,41,SWE,0.70
98DC96EF,Wayne Davis,37,SWE,0.84
79976B7A,Sean Gray,78,DNK,0.99
596BAB78,Patrick Foster,79,FIN,0.15
1ABF52BE,Frank Barnes,52,NOR,0.88
1A0D1E07,Owen Lee,56,SWE,0.94
5B38C1D2,Kayla Lopez,18,SWE,0.52
93DCFEA2,Theodore White,49,NOR,0.27
E0BA13BC,Christina Ramirez,26,SWE,0.08
E0766B17,Nigel Turner,80,GBR,0.82
A53C5BB6,Frank Clark,30,SWE,0.59
0D37084C,Willow King,78,FIN,0.23
247AF777,Yesenia Stewart,51,SWE,0.88
BA23E3E0,Jared Perry,36,FIN,0.50
19DCF9DE,Yosef Ortiz,19,FRA,0.15
FE6BB788,Ted Foster,24,FIN,0.85
8F7FAA8F,Trevor Turner,79,SWE,0.29
90615F01,Ellie Howard,64,FIN,0.80
2EA90D9B,Kent Fisher,75,DNK,0.84
A13A8F2C,Terry Ross,51,NLD,0.43
D0FA602A,Malcolm Bailey,63,SWE,0.25
8797699B,Oliver Nguyen,58,NLD,0.45
FA88CCBB,Luke Washington,39,FRA,0.86
12E21B75,Larry Lopez,46,GBR,0.74
39670AFE,Dave Ward,33,FRA,0.39
859D8E61,Mae Williams,53,SWE,0.29
3A3A1DE2,Willow Morris,48,NLD,0.99
707538CF,Aaron Nguyen,47,FIN,0.52
D345A5A3,Jane Hernandez,22,NLD,0.61
229EB328,Gloria Gray,23,FRA,0.99
099F9837,Harold Long,36,GBR,0.05
C9D599A3,Phoebe Rivera,80,NOR,0.45
488816A7,Xena Nguyen,73,SWE,0.59
9357B35E,Nigel Rogers,64,DEU,0.86
981D4D7E,Bobby Nguyen,21,GBR,0.08
22265847,Olivia Sanchez,63,GBR,0.67
4441F37A,Yasmine Myers,34,DNK,0.53
8EAA6B16,Jack Baker,24,SWE,0.41
6A0E4C44,Kent Reed,67,NOR,0.63
9DF73D9A,Caleb Hall,63,GBR,0.56
A063EFFA,George Diaz,47,NLD,0.60
37713A5F,Pablo Patterson,74,NLD,0.50
B491AACB,Marina Scott,38,GBR,0.90
2F58CF8D,Hazel Ramirez,78,FIN,0.07
089E26CB,Larry Davis,41,NLD,0.24
EAD5B7F9,Kenneth Turner,39,FRA,0.96
35030150,Kian Myers,61,DNK,0.13
F743F7FE,Hugo Rodriguez,40,DEU,0.29
BC51692B,Nathan Cooper,55,SWE,0.77
4AEF3A4E,Jacob Clark,51,DEU,0.73
BF9C57D6,Quentin Butler,73,NOR,0.82
7EE0768D,Brooke Howard,63,NOR,0.49
61C332CB,Terry Washington,19,DNK,0.50
3394DC91,Adeline Bennett,26,SWE,0.24
F5CF63E4,Brandon Washington,65,SWE,0.38
180048B2,Marshall Walker,54,SWE,0.44
E162FA37,Yara Clark,32,GBR,0.95
BD246878,David Collins,27,NLD,0.24
DB7F61BC,Wallace Hernandez,35,NLD,0.82
E9187C74,Logan Parker,46,DNK,0.83
7B3C9965,Clark Thomas,56,NOR,0.09
3654A6A5,Marcus Patterson,73,SWE,0.68
D9EC636B,Abigail Parker,63,DNK,0.10
58589066,Malcolm Cooper,25,NOR,0.83
A58DF6B4,Jake Carter,42,SWE,0.79
5411C2C6,Tina Hughes,25,DEU,0.91
75162754,Eleanor Brown,39,FIN,0.47
4002D9FB,Oliver Torres,38,FIN,0.51
1AE3F50D,Carlos Adams,36,FRA,0.45
E6674D96,Henry Torres,57,GBR,0.11
3EE9A185,Madeline Perry,25,NOR,0.77
36AFADD0,Ella Nguyen,54,NOR,0.87
018E0ABD,Robert Kelly,39,NOR,0.92
577E7F99,Todd Sanchez,77,DEU,0.17
FB63AA46,Omar Howard,24,NLD,0.92
DD063E37,Abraham Wright,57,NLD,0.39
061ECBD8,Carlos Brown,34,FIN,0.40
7852F200,Kristopher Ward,55,DEU,0.85
6052982D,Emma James,78,FRA,0.47
540C284D,Xena Morris,44,FIN,0.53
FA545B50,Amber Nguyen,22,FRA,0.56
8F8AC493,Prince Ward,56,FIN,0.44
53F2DB4F,Dorothy Cook,19,FIN,0.94
0E37FC17,Hazel Reed,24,NLD,0.17
0786AF4C,Percy Washington,42,NLD,0.58
31A8A449,Evan Jones,52,FRA,0.01
1FB479F2,Scott Collins,28,GBR,0.26
54C14112,Ben Miller,37,NOR,0.79
3D68A0E1,Warren Baker,43,NLD,0.52
C8F0B7B5,Chloe Hernandez,80,SWE,0.79
CF817831,Drew Young,33,DEU,0.79
F299A153,Drew Bennett,67,FIN,0.33
3A2BEDCF,Edgar Clark,22,GBR,0.46
56737DBC,Marina Gonzalez,30,DEU,0.59
D8EA3462,Edgar Price,26,NOR,0.51
302C6B96,Aidan Hughes,35,DNK,0.81
20936687,Kenny Brown,72,FIN,0.94
A31B58A2,Virginia Simmons,80,SWE,0.85
A6F19280,Scarlett Smith,65,FIN,0.22
29D4E5EC,Xavi Johnson,40,NOR,0.62
C9DBF8DA,Shannon Myers,54,FRA,0.66
B375E722,Nina Jenkins,30,SWE,0.88
B139B549,Gemma Powell,20,DNK,0.81
796E8B0C,Christopher Gray,41,DNK,0.71
EC35D6A9,Elise Howard,20,NLD,0.17
E61C5CC1,Spencer Fisher,76,NOR,0.98
1EEA3909,Ray Nguyen,66,DNK,0.52
311B7C42,Poppy Thomas,71,NOR,0.25
B24A80C4,Xavier Smith,63,SWE,0.88
96A66BFC,Isaac Cooper,31,NLD,0.90
ECA89A13,Paige Thomas,22,GBR,0.37
FA011704,Beatrice Phillips,60,FIN,0.28
F879E1E4,Lauren Barnes,56,FRA,0.03
8C344048,Nathaniel Hill,23,FRA,0.09
FB0DEAC4,Barrett Patterson,27,GBR,0.21
3CC6B66B,Bob Walker,25,SWE,0.67
7A7E0911,Khalid Morris,56,SWE,0.90
0A3F4069,Leo Foster,72,FRA,0.43
B5B36E2D,Maria Hughes,67,NOR,0.87
CAF1AB3B,Isabella Martinez,19,NLD,0.59
EC53FC71,Kyle Wilson,29,FRA,0.94
A6803D57,Neil Nelson,42,DEU,0.98
F9885BA3,Ozzie Long,39,FRA,0.82
6BA4BD19,Paige Sanchez,51,FRA,0.19
F71688BF,Madeline Torres,75,DEU,0.80
DB08385F,Percy Anderson,76,DEU,0.31
DFA5F822,Bridget Miller,66,NOR,0.95
8B79C94B,Theo Gray,69,DEU,0.13
2333AB47,Cameron Wilson,34,NLD,0.63
258BA8A3,Warren Wilson,52,DEU,0.47
06D454FE,Rose Morgan,68,SWE,0.88
A71D6E55,Ivy Baker,28,SWE,0.57
A0D8C906,Enrique Wright,73,NOR,0.51
77E2651E,Angelina Young,49,GBR,0.13
E5120D01,Terry Howard,37,NLD,0.80
214DA0CE,Milo Foster,43,SWE,0.95
8BB85458,Yvette Simmons,65,FRA,0.47
A1E8BB26,Howard Nelson,53,NOR,0.83
D37EC5F8,Willow Walker,65,SWE,0.69
B2DE7358,Rachel Robinson,20,FIN,0.98
BD80DE15,Felix Adams,25,FIN,0.38
EEB86A55,Dale Richardson,80,NLD,0.36
F5C42DC3,Mariah Kelly,28,NLD,0.03
2F03E131,Floyd Robinson,62,FIN,0.36
63A57AF2,Edith Price,68,DNK,0.56
1AE3A4BB,Tim Perry,59,NLD,0.21
799F9607,Valentina Ross,20,FIN,0.82
310F7033,Valerie Harris,24,DEU,0.67
DA4078F6,Jane Green,39,FRA,0.85
99112763,Alice Russell,63,GBR,0.72
D55564FD,Lewis Robinson,44,GBR,0.38
B2BE2914,Raymond Rivera,58,GBR,0.64
5EF633AB,Neil Kelly,36,DEU,0.69
28717470,Clyde Parker,61,FRA,0.46
633B6DBD,Clark Stewart,57,NLD,0.56
4F6F196C,Wendy Adams,50,DEU,0.62
88062F92,Malcolm Powell,27,DEU,0.83
053EEC39,Kathleen Ramirez,69,SWE,0.41
33382AE9,Marcus Young,40,NLD,0.50
64066FDC,Diana Henderson,66,NOR,0.42
8B6B67F8,Barry Harris,60,NOR,0.87
2BCDCEC0,Timothy Murphy,55,NLD,0.72
3644DD23,Madeline Ramirez,38,GBR,0.26
D1DDDCC5,Lee Ortiz,25,DNK,0.79
3E2C16C3,Janice Wilson,52,NOR,0.36
7587EAE7,Adam Thompson,31,GBR,0.24
1FB2ABBC,Hattie Foster,43,FRA,0.88
305DF53A,Hugh Rogers,38,DNK,0.15
66B2B329,Kayla Gonzalez,57,FRA,0.15
B76D8C8C,Elias Stewart,19,DNK,0.27
BB1A78C3,Cara Wilson,28,SWE,0.72
0E7E4EF0,Drew Cook,72,FRA,0.42
02CAB5BB,Raquel Foster,75,SWE,0.86
2A4B191D,Bethany Robinson,34,DEU,0.22
00F716FD,Gabrielle Wood,20,FRA,0.09
7827258E,Imogen Taylor,37,DNK,0.87
9BC23A2B,Marilyn Lopez,60,FRA,0.02
F497F7DE,Darren Jackson,53,NOR,0.01
B3961F88,Thea White,70,DNK,0.77
51025819,Lee Bailey,66,GBR,0.91
2FA0059C,Vera Peterson,73,DEU,0.28
840E05C6,Amy Parker,54,FIN,0.55
EF196A9C,Harper Sanchez,41,SWE,0.90
CA37A460,Abel Davis,49,FRA,0.12
E224C596,Madeline Walker,46,NLD,0.93
A817C9CA,Rick Ramirez,58,NLD,0.20
25367CCE,Xavi Anderson,21,NOR,0.23
F886C010,Hazel Ramirez,46,DNK,0.05
F41DF847,Clarence Thompson,55,DEU,0.32
7430D912,Abigail Perry,79,SWE,0.86
DB8AD12F,Ralph Perez,72,DNK,0.52
53914483,Chase Richardson,62,NLD,0.17
6B8EFB65,Kyle Richardson,33,NOR,0.39
0258DE57,Alan Harris,52,GBR,0.28
EEA45FC3,Nora Patterson,31,FIN,0.90
CFDD2CC7,Ezra Roberts,67,DEU,0.95
76516E7E,Janice Nguyen,63,GBR,0.64
3C5354E5,James Perry,20,SWE,0.88
5D1B20D3,Layton Roberts,26,NOR,0.43
3B174A47,Maria Morgan,33,NLD,0.27
C5844137,Neil Garcia,38,NOR,0.10
89504F45,Holly Jenkins,27,FIN,0.01
7FC90676,Richard Lee,66,SWE,0.26
ECB5931D,Bridget Hill,65,DNK,0.21
E6C8B815,Clint Martinez,75,FIN,0.91
EEEA93CC,Adeline Garcia,37,DEU,0.52
C4C91B29,Carl Clark,36,NLD,0.81
0B126ADB,Natalia Watson,30,SWE,0.12
1DFBA539,Jane Cooper,49,DEU,0.23
6B504283,Blake Phillips,52,FRA,0.59
8ABE32B9,Terry Bell,72,SWE,0.08
FD8D2B62,Foster Brown,55,FRA,0.28
21E8F057,Nora Ramirez,19,FRA,0.58
06DC3148,Paloma Carter,51,FRA,0.49
FD41B45A,Haley Davis,23,DEU,0.54
7816C6EE,Cliff Sanders,80,NOR,0.42
F43B573F,Shawn Martin,62,DEU,0.60
F0D0BB59,Greta Barnes,77,FRA,0.02
95E91B46,Tess Cox,20,SWE,0.91
6A0CD97C,Jeff Robinson,29,NOR,0.42
65568A8D,Derek Cox,46,DEU,0.81
9B3BEF44,Kevin Rodriguez,36,FIN,0.98
8413113F,Theresa Roberts,74,NLD,0.94
BA66FB2F,Harvey Scott,29,NLD,0.44
BF7B2348,Holly Gray,47,DEU,0.99
CC1D3101,Sally Perry,28,FRA,0.59
17FA4947,Hazel Lee,58,NOR,0.04
D8B799A8,Gabriela Ramirez,66,NLD,0.89
F1514EDB,Yosef Ortiz,42,FIN,0.90
81A0B70E,Brad Morris,71,SWE,0.45
CA3D1792,Arthur Mitchell,38,FIN,0.46
CA45A69D,Cedric Wood,48,NOR,0.11
B7995BA1,Nora Gray,75,NLD,0.69
7DBB15DD,Timothy Long,75,DEU,0.61
3F5160F4,Aidan Rivera,74,NOR,0.19
02733485,Lawrence Jones,20,NLD,0.13
B0ACB7F3,Ella Anderson,20,NOR,0.88
8C4DEF11,Arthur Wright,42,DEU,0.66
CE6251DD,Omar Nguyen,53,DNK,0.26
358419CA,Wendy Richardson,42,GBR,0.84
3963D72E,Virginia Jones,24,DNK,0.60
C024C6AB,Vince Baker,26,DNK,0.56
2F4A7AD4,Diane Kelly,22,FIN,0.40
679B721A,Jason Perez,25,FRA,0.40
F3106928,Heidi Collins,25,DNK,0.67
4CF14E9E,Cindy Stewart,25,DNK,0.74
1DDF775C,William Walker,53,FIN,0.47
594B4EC8,Seth Lopez,64,FIN,0.24
67398315,Orlando Rivera,40,GBR,0.44
F625536D,Deborah Washington,58,DNK,0.03
53E4C90D,Kyle Phillips,38,DNK,0.89
FCFDF6FA,Harriet Flores,38,FIN,0.39
D62960DD,Georgia Thompson,27,NLD,0.62
CCB37543,Layton White,44,NLD,0.87
D1C45800,Kristopher Murphy,18,SWE,0.54
ED7DC493,Xavi Lee,35,FRA,0.58
E6EEE3D2,Gloria Hernandez,72,NOR,0.13
7F0BD1D6,Steven Mitchell,22,GBR,0.74
1E1732FB,Carlos Torres,37,FIN,0.83
380036E3,Bridget Richardson,44,NOR,0.64
427790D0,Chris Simmons,56,NLD,0.68
22BF3D7A,Theresa Reed,22,NLD,0.46
591C11B5,Rachel Powell,50,DNK,0.39
271AB0B8,Abraham Rivera,62,NLD,0.18
36FBAECB,Edgar Lopez,28,NOR,0.41
C6E3C5DB,Rosa Young,68,FRA,0.83
DFE368CF,Brendan Richardson,20,DNK,0.39
C1EF836A,Elsa Anderson,66,DNK,0.78
A9B4F757,Wilson Thomas,49,FRA,0.96
B67624B2,Jasper Morgan,37,GBR,0.12
659E7285,Matt Campbell,60,FRA,0.26
CCA9ABD9,Hattie Taylor,22,FIN,0.50
6B689BEB,Todd Powell,48,FIN,0.33
46AEC703,Rosa White,50,FIN,0.02
EBF61D74,Fred Campbell,31,FRA,0.89
613A00F1,Andre Collins,59,DNK,0.32
A8B6FA08,Heidi Cooper,73,DEU,0.22
469DCACC,Heidi Howard,55,GBR,0.84
911532C2,Max Thompson,19,DNK,0.86
6960DF15,Porter Carter,37,DNK,0.09
C5C3DCAA,Edwin Nguyen,41,FIN,0.82
D963D808,Sean Hill,74,NOR,0.71
94391FBE,Hank Gray,75,FRA,0.61
2F2C70D1,Claude Young,30,FRA,0.56
18AB1D48,Casey Jackson,48,DNK,0.39
ABE8AE65,Marie Lee,76,NOR,0.68
E31D8D7D,Stephen King,52,GBR,0.91
FE2A91EE,Yolanda Morris,18,SWE,0.53
718BB4E0,Bridget Kelly,38,GBR,0.57
6666ED7A,Donald Brown,63,SWE,0.61
11BE661E,Sara Murphy,65,NLD,0.46
0D03CBC8,Gemma Butler,60,NOR,0.43
846C26C4,Gene Richardson,27,GBR,0.14
F0F87CE9,Scott Baker,71,DEU,0.04
60EB1B8A,Janet Butler,44,FRA,0.11
D2A6F96B,Keith Lewis,40,DNK,0.15
579A7A0C,Austin Ortiz,37,SWE,0.94
2B76DD52,Elsie Bailey,27,SWE,0.87
F8706F13,Selena Russell,54,GBR,0.69
CC52D65C,Clyde Lee,78,DNK,0.38
01A39281,Adriana Bell,26,NLD,0.44
E160C89C,Max Diaz,44,NLD,0.25
0AA71F88,Maggie Wood,79,SWE,0.72
19D4596B,Elaine Harris,50,GBR,0.98
E3BC8AA0,Abigail Stewart,45,DEU,0.18
8A1D536A,Felix Jenkins,66,SWE,0.04
D58AFED6,Janet Davis,54,DEU,0.73
4148F566,Ned Lee,63,GBR,0.14
15997E99,Rachel Morgan,35,DNK,0.04
D15DB7AB,Danielle Lewis,61,GBR,0.74
FEA2562F,Gina Rogers,32,DNK,0.53
C1B2AAF8,Jayden Taylor,34,GBR,0.32
B4A139AE,Angelina White,46,FIN,0.86
2B534B3B,Vera Nelson,40,DEU,0.89
51587CE4,Sabrina Nguyen,37,NLD,0.67
5B1F517F,Sabrina Bailey,58,FIN,0.87
AA452CE9,Gabrielle Young,25,NOR,0.86
4D898850,Abel Cooper,59,NOR,0.81
808E3C66,Terry Roberts,78,NOR,0.39
2DB0BFF6,Dale Cook,67,FIN,0.27
EFCDBD26,Blake Watson,49,SWE,0.38
A80AD05B,Gerald Walker,20,DNK,0.41
B2F4A8A0,Naomi Nguyen,28,GBR,0.25
424DD2C3,Otis Wood,39,SWE,0.85
6830EDD5,Jeremiah Gray,78,SWE,0.91
0C5A9EBC,Patricia Evans,43,FRA,0.64
646C8A4A,Victor Green,71,FRA,0.35
5C65D4AC,Kelvin Sanchez,68,DNK,0.86
20F8DAAE,Cliff Anderson,57,SWE,0.53
D34C57DC,Yara Campbell,36,FIN,0.05
23EEC878,Billy Rivera,39,FIN,0.86
9434C787,Elias Patterson,21,FIN,0.42
8AC691E2,Cara Lewis,70,DEU,0.23
82110D86,Gina Moore,61,FRA,0.22
9FDA905F,Riley Stewart,23,GBR,0.13
7F3870E4,Penelope Barnes,39,NOR,0.65
69C12450,Isla Parker,71,DNK,0.16
E522BFD2,Ozzy Garcia,47,FRA,0.16
10ED7B9B,Yesenia Sanchez,63,FRA,0.60
78D97FF1,Cliff Lopez,33,DNK,0.44
6C358DEB,Terry Diaz,42,DNK,0.69
821DCC9E,Noelle Watson,43,NLD,0.60
23F72D88,Aaron Morris,19,DNK,0.77
A75191B5,Paloma Washington,32,GBR,0.68
279DB58F,Brandon Phillips,26,DNK,0.94
C28F8AA8,Leah Martinez,42,FRA,0.09
CCD27A27,Adrian James,27,FRA,0.15
53614D59,Pablo Myers,77,NOR,0.21
91407080,Chris Patterson,78,FIN,0.75
5D21C119,Jerry Clark,64,FRA,0.18
46721468,Pierce Butler,75,FIN,0.93
89F14A30,Leah Richardson,78,GBR,0.25
807EF09C,Evan Clark,37,GBR,0.63
2FEF37EE,Maggie White,72,NLD,0.63
04DE3DD6,Mark Wright,59,NOR,0.87
A051DB5C,Earl Mitchell,35,FIN,0.73
1854C3B4,Wyatt Bennett,57,NOR,0.33
C538039E,Sophia Myers,19,GBR,0.94
52C03D5C,Sebastian Williams,77,NLD,0.99
2F14162C,Edward Flores,37,NOR,0.01
69E0C889,Katherine Flores,37,SWE,0.25
475942ED,Kara Hall,62,DEU,0.53
B819BE27,Amelia Green,70,NOR,0.60
B1BFD97F,Vera Taylor,34,DNK,0.26
729CA270,Victor Richardson,47,SWE,0.05
FF926760,Terry Green,58,NLD,0.51
5B653556,Diana Adams,36,FIN,0.66
DAF554D3,Kristopher Hernandez,37,DEU,0.21
54554931,Gladys Harris,59,DNK,0.46
9007F2E9,Harvey Davis,22,SWE,0.88
C444B1A8,Robert Adams,26,FRA,0.23
F8922F7C,Frank Patterson,80,FIN,0.37
8DF858A1,Ava White,32,NLD,0.87
59FD4132,Raquel Washington,61,NLD,0.11
11F7BBDE,Zoey Jones,34,FRA,0.25
43BE076E,Emilia Nelson,67,DNK,0.08
3963F414,Natasha Collins,60,DEU,0.06
7FA8933F,Gladys Long,49,DEU,0.01
32193507,Xavi Wood,25,GBR,0.88
1C9DFFAA,Barry Moore,71,FIN,0.78
6E311A12,Adeline Cooper,65,SWE,0.19
B8DEAC3E,Leon Patterson,66,FIN,0.49
C0CE5FF0,Zoey Collins,30,FRA,0.16
B10F807F,Lance Jackson,22,FRA,0.78
C57D023A,Tessa Phillips,22,DNK,0.72
86816385,Pete Robinson,65,NLD,0.54
C60FA8F4,Jayden Martinez,51,GBR,0.14
7AF4819E,David Price,62,DEU,0.17
A55B94E9,Simon Cooper,52,FRA,0.26
5E188245,Helena Ross,52,DEU,0.97
5D4F8CA6,Yolanda Evans,36,NOR,0.90
2492F978,Jasmine Barnes,76,FRA,0.16
6BBFFF23,Aidan Wilson,58,DEU,0.66
B9395BA8,Nicholas Price,33,DNK,0.58
730AABCA,Theo Brown,72,GBR,0.94
BE12AED9,Ray Brown,25,DEU,0.01
9FB6FAC1,Calvin Cox,73,FRA,0.29
4A210519,Otis Hall,33,DNK,0.49
D0A382E8,Cliff Taylor,52,SWE,0.75
8B763000,Nadia Rivera,62,FIN,0.35
B0FB3160,Gloria Campbell,47,NLD,0.07
A5FBAA7E,Matthew Hill,28,GBR,0.28
DEF19E0D,Brittany Ward,31,DEU,0.53
A1B02BBD,Harold Cox,68,FRA,0.89
5413F989,Karen Richardson,18,FRA,0.18
8A951A31,Ellen Ross,55,NOR,0.63
056EA443,Matt Anderson,26,NLD,0.13
AD7A2598,Jeremiah Robinson,61,DNK,0.45
FB8D694D,Ben Campbell,67,NOR,0.61
BB4649AA,Whitney Green,27,SWE,0.04
54844883,Christine Harris,24,NLD,0.21
4046D48E,Simon Watson,34,FRA,0.12
4BB7EF36,Naomi White,46,NLD,0.47
F9AD6C77,Nadia Perez,55,DEU,0.15
FF00054B,Alex Carter,38,FIN,0.70
542622C2,Penelope Washington,55,FIN,0.91
6977F35B,Quentin Peterson,50,NLD,0.44
B0B79B4E,Clayton Hughes,51,FRA,0.28
1AB7E491,Ellis Rivera,40,GBR,0.35
638D7DED,Amber Anderson,38,DEU,0.17
ADC1F4BD,Logan Wright,72,DEU,0.75
14728BEF,Natasha Johnson,71,DNK,0.14
E5C8426A,Matt Hughes,49,GBR,0.89
0A63F82B,Gabriel Washington,28,FRA,0.26
CF68B198,Christina Miller,52,NLD,0.80
77DEFD48,Percy Morris,35,GBR,0.39
09FA4B36,Fabian Butler,45,DEU,0.15
7552153C,Diane Rodriguez,27,DNK,0.96
1FFBDF01,Olivia Green,49,NLD,0.77
81F21644,Zachary Williams,71,NLD,0.32
E0D9889D,Darren Bell,40,FIN,0.71
C033D9F6,Porter Ortiz,74,GBR,0.96
4F21F23D,Logan Parker,72,NOR,0.38
F8B512F3,Oliver Robinson,58,SWE,0.52
148948E8,Sharon Fisher,77,FRA,0.65
47837438,Lauren Collins,64,DNK,0.84
F52C7C0F,Theo Roberts,56,NLD,0.05
413FC6DB,Damien Scott,41,DEU,0.66
BC556F71,Todd Foster,49,DEU,0.29
B86B8061,Mark Parker,23,DNK,0.69
EF3E0EE4,Freya Peterson,70,GBR,0.08
9A373B3B,Madelyn Simmons,33,DNK,0.72
3FD29D62,Cecilia Jenkins,37,FIN,0.46
32D100C0,Raquel Russell,76,FRA,0.36
EC33BA88,Rosalie Baker,74,SWE,0.79
0DA43B0E,Dean Green,36,SWE,0.18
362F5A88,Isabella Taylor,79,DEU,0.67
A7D8AE9F,Jeff Wright,35,SWE,0.82
B3D95533,Elias Brown,66,SWE,0.93
8926ACB4,Valentina Jackson,69,DEU,0.59
6D340B30,Aidan Adams,48,FRA,0.93
1DD8F13D,Valentina Smith,43,FRA,0.26
5BEA89FE,Taylor Adams,62,SWE,0.17
5789C24E,George Jones,50,FIN,0.93
8B8C645E,Janet Richardson,42,FIN,0.13
DCA454A3,Rosemary James,57,FIN,0.72
A18D1492,Shannon Young,21,NLD,0.08
E3CC9178,Edwin Long,36,FIN,0.67
8BEEEFB6,Jeremy Diaz,74,DNK,0.13
38931EBE,Kendrick Walker,59,DEU,0.87
3FBE4EDF,Amanda Lewis,49,DEU,0.46
E1C2B490,David Jones,47,NOR,0.01
6F6E31E6,Stanley Wilson,28,GBR,0.79
2FE1310A,Wallace Bennett,47,DNK,0.64
2F0F7F53,Theodore Price,36,FIN,0.65
934528EB,Norman Campbell,45,NOR,0.65
EF06C04A,Hazel Perry,74,NLD,0.08
2445170E,Isaac Wright,76,NLD,0.15
EA05C303,Candace Bailey,74,NOR,0.75
E4CF0816,Piper James,63,DNK,0.90
E5B8F169,Percy Harris,60,FIN,0.85
5D17E08C,Seth Martinez,54,GBR,0.14
1EDEF19B,Gladys Barnes,79,GBR,0.32
35D0FD33,Adrian Bell,47,DEU,0.96
6DD4EF56,Martin Ward,51,NLD,0.22
7A5E8264,Frances Stewart,30,DEU,0.05
EF3538CA,Stephen Williams,57,FRA,0.07
37EA4BE0,Charlotte Smith,55,SWE,0.51
D2ED8F11,Jasper Turner,67,SWE,0.23
6C0332CD,Willow Miller,40,FRA,0.23
E146DFC7,Harriet Perry,28,GBR,0.36
D77FA29A,Keith Russell,40,GBR,0.15
3571DEDC,Pete Martinez,64,DEU,0.96
FDF2C968,Virginia Simmons,41,GBR,0.81
0BECAC28,Charles King,18,SWE,0.28
52D08C7F,Jennifer Jackson,29,FIN,0.82
D4141ABE,Ben Morgan,27,FRA,0.07
EC1E4A5C,Prince Murphy,62,DEU,0.22
A76D60B1,David Moore,45,DNK,0.24
F13176BC,Nicole Morgan,69,DEU,0.85
C1378CCF,Brady Wilson,66,DEU,0.66
1AF1A5B4,Wendell Watson,64,NOR,0.51
41D1AD0F,Brady Young,27,FRA,0.25
E76426F0,Wilson Davis,35,FRA,0.29
8FFC009E,Nelson Thompson,32,DEU,0.45
27F72A18,Ricky Rivera,25,DNK,0.60
93CDC393,Abigail Rogers,70,SWE,0.24
423CE7FD,Kenny Watson,52,NLD,0.62
185450E5,Vince Miller,59,FRA,0.12
26B7905C,Daniel Howard,19,NLD,0.71
168337BD,Max Henderson,73,FIN,0.79
0EB497C4,Walter Mitchell,51,NOR,0.09
A89FE854,Bella Robinson,40,FRA,0.98
7AF942D9,Ned White,34,DEU,0.98
44E9AC95,Graham Hughes,73,DEU,0.95
9F4F408A,Todd Evans,46,GBR,0.55
A390C1CD,Mark Russell,75,FRA,0.30
B8705CF6,Holly Howard,38,GBR,0.18
83F8BE3C,Selena Scott,52,NOR,0.49
2B94E4B8,Sebastian Rivera,41,NLD,0.46
EABB93D2,Samantha Bell,40,NLD,0.40
0EFA5CB6,Natasha Patterson,50,DNK,0.24
1955ECBF,Willow Bailey,37,FRA,0.14
321A0402,Marissa King,54,NLD,0.39
51EC9E89,Yesenia Murphy,35,NLD,0.18
FBBBC1F7,Giselle Long,34,DEU,0.41
147C2430,Natasha Hill,58,GBR,0.03
15C587FB,Eileen Henderson,66,FIN,0.42
F57C3122,Albert Campbell,35,SWE,0.79
FA87B742,Veronica Williams,80,DNK,0.34
7A789CBA,Emma Reed,19,FRA,0.37
B290DB17,Kara Mitchell,69,SWE,0.92
3D27FE9A,Clint Lewis,73,SWE,0.07
9AD10FE2,Tommy Hall,22,FRA,0.11
37243164,Regina Foster,41,NLD,0.56
9F217893,Gloria Price,50,NOR,0.95
07E32771,Virginia Ortiz,19,SWE,0.51
97C96EF3,Angelo Ramirez,42,DNK,0.97
7396C86C,Alex Bennett,29,SWE,0.80
B33F57B2,Rebecca Patterson,79,GBR,0.39
72EF86D5,Barrett Walker,54,DEU,0.36
83DC4D18,Jasmine Foster,19,DNK,0.40
03974FE5,Maggie Carter,36,FRA,0.51
1930ABB2,Harper Bennett,72,NLD,0.60
69EBD37F,Tess Morris,21,FRA,0.58
892A1BCA,Heidi Long,28,NLD,0.49
6C794A9B,Louis Young,66,FIN,0.65
BB579E58,Tommy Cooper,70,DEU,0.18
87F02073,Khalid Sanders,71,DNK,0.14
8C5F5232,Yara Williams,39,NOR,0.63
5F186F87,Violet Henderson,18,SWE,0.65
947D3167,Calvin Williams,53,SWE,0.91
49CD4B3D,Caleb James,51,GBR,0.23
3093BE5E,Ruby Price,19,DNK,0.61
7CA9F885,Selena Phillips,39,GBR,0.21
6723AE85,Kristopher Scott,43,SWE,0.60
E7809548,Eileen Young,46,DNK,0.62
8F16655C,Andrew Young,37,SWE,0.46
3D0BC8B4,Barbara Rivera,32,DNK,0.75
309E5513,Ray Brown,28,GBR,0.67
52B75FF2,Ezra Long,55,FIN,0.05
26D05147,Barrett Hall,64,GBR,0.34
7A27359D,Matt Jones,62,DNK,0.63
49EE6770,Preston Johnson,47,FRA,0.27
5A197C3F,Elizabeth Stewart,68,FRA,0.07
179781CA,Kimberly Adams,64,SWE,0.73
C45944BE,Fabian Watson,52,FRA,0.89
14215A36,Winston Cox,78,FRA,0.84
5E944E3C,Clarence Peterson,38,DEU,0.55
EC728B6C,Fox Turner,73,DNK,0.94
36A00D8D,Christine Thomas,59,SWE,0.64
F50EBD2C,Ricky Cook,66,FIN,0.50
D1E62D01,Lawson Fisher,39,FIN,0.96
A1AB6756,Samuel Torres,70,SWE,0.22
925EFEB5,Leah Adams,24,SWE,0.85
7D223F55,Bethany Turner,29,SWE,0.15
CE63DF89,Hope Young,23,NLD,0.75
57B5FC9D,Emma Smith,37,NOR,0.69
6844D701,Kendrick Hall,21,SWE,0.14
C436CF2D,Diana Powell,22,NOR,0.27
779DDC7E,Zoey Nelson,62,NLD,0.57
05F8BB09,Ellie Wood,64,DEU,0.58
0FA73739,Jayden Johnson,59,DEU,0.71
6F0450D1,Elsie Long,68,NLD,0.09
B40C0FB2,Norah Powell,60,FIN,0.85
ABBBB13C,Todd Lopez,79,FIN,0.78
2193B058,Gus Rivera,27,DNK,0.68
0640EA55,Diana Flores,42,FIN,0.49
74F63BA7,Gloria Taylor,33,DNK,0.32
002E067E,Phoebe Nguyen,70,DEU,0.77
479B790A,Kevin Simmons,77,DNK,0.89
D670D37A,Paul Walker,40,DNK,0.48
440147C9,Talia Watson,26,NOR,0.83
452991F5,Diane Flores,63,SWE,0.56
ACDF7471,Diane Ramirez,59,NLD,0.32
762B034D,Valentina Bell,43,NLD,0.52
2D694DE9,Sophia Green,32,FIN,0.97
7DE3290E,Brendan Carter,72,FIN,0.64
564ABC42,Blake Harris,63,NLD,0.81
1BEC16AD,Faith Taylor,41,GBR,0.59
FE876258,Gene Roberts,28,SWE,0.10
9865D028,Gus Cooper,79,SWE,0.08
21D68410,Leon Nguyen,25,GBR,0.86
86A60E13,Leonard Thompson,47,NLD,0.79
11CD36BD,Harriet Clark,71,DEU,0.56
A01144B1,Gloria Perez,58,SWE,0.75
25E0AD28,Janice Hall,35,FIN,0.06
074949C0,Jean Wright,22,NOR,0.24
2C2E93B1,Yesenia Smith,19,NOR,0.06
CFEE5404,Abraham Smith,47,GBR,0.68
5F94E713,Rosalie Watson,36,NLD,0.88
EBBE7D7E,Robert Ward,34,DEU,0.19
24218B32,Kent Bell,44,DEU,0.51
C853A0FA,Trevor Bailey,42,DEU,0.10
65D5A968,Clyde Cook,62,SWE,0.94
19EDE022,Janice Lopez,21,FRA,0.17
5D418DBF,Clyde Perez,25,DEU,0.56
583BEAEB,Kimberly Brown,69,FRA,0.89
